fetch_timestamp_utc,api_reported_time_utc,temperature_celsius,windspeed_kmh,weathercode,latitude,longitude
2025-05-19T18:59:13+00:00,2025-05-19T18:45,14.9,15.9,0,43.646603,-79.38272
2025-05-19T19:00:50+00:00,2025-05-19T19:00,15.1,15.8,0,43.646603,-79.38272
2025-05-21T16:07:42+00:00,2025-05-21T16:00,10.3,23.0,51,43.646603,-79.38272
2025-05-21T16:21:23+00:00,2025-05-21T16:15,10.3,23.4,53,43.646603,-79.38272
2025-05-21T16:40:18+00:00,2025-05-21T16:30,9.9,25.1,53,43.646603,-79.38272
2025-05-21T16:47:54+00:00,2025-05-21T16:45,9.8,23.5,53,43.646603,-79.38272
2025-05-21T17:31:15+00:00,2025-05-21T17:30,9.6,23.2,53,43.646603,-79.38272
2025-05-21T18:42:05+00:00,2025-05-21T18:30,9.9,26.7,61,43.646603,-79.38272
2025-05-21T19:25:28+00:00,2025-05-21T19:15,9.5,26.9,61,43.646603,-79.38272
2025-05-21T20:32:42+00:00,2025-05-21T20:30,10.1,26.0,63,43.646603,-79.38272
2025-05-21T21:28:33+00:00,2025-05-21T21:15,10.1,28.2,61,43.646603,-79.38272
2025-05-21T22:33:21+00:00,2025-05-21T22:30,10.1,28.6,55,43.646603,-79.38272
2025-05-21T23:28:28+00:00,2025-05-21T23:15,10.2,27.7,61,43.646603,-79.38272
2025-05-22T02:16:03+00:00,2025-05-22T02:15,10.0,33.4,53,43.646603,-79.38272
2025-05-22T03:49:33+00:00,2025-05-22T03:45,9.8,28.7,53,43.646603,-79.38272
2025-05-22T04:36:53+00:00,2025-05-22T04:30,9.8,24.2,55,43.646603,-79.38272
2025-05-22T05:33:20+00:00,2025-05-22T05:30,10.1,21.0,53,43.646603,-79.38272
2025-05-22T06:43:03+00:00,2025-05-22T06:30,10.4,15.8,61,43.646603,-79.38272
2025-05-22T07:29:10+00:00,2025-05-22T07:15,10.2,19.1,61,43.646603,-79.38272
2025-05-22T08:38:28+00:00,2025-05-22T08:30,9.7,19.3,53,43.646603,-79.38272
2025-05-22T09:32:39+00:00,2025-05-22T09:30,9.7,20.3,3,43.646603,-79.38272
2025-05-22T10:36:23+00:00,2025-05-22T10:30,9.6,22.2,51,43.646603,-79.38272
2025-05-22T11:26:56+00:00,2025-05-22T11:15,9.7,20.1,63,43.646603,-79.38272
2025-05-22T12:58:59+00:00,2025-05-22T12:45,9.4,16.1,51,43.646603,-79.38272
2025-05-22T13:42:37+00:00,2025-05-22T13:30,10.1,18.6,3,43.646603,-79.38272
2025-05-22T14:34:56+00:00,2025-05-22T14:30,10.1,18.6,3,43.646603,-79.38272
2025-05-22T15:32:48+00:00,2025-05-22T15:30,10.1,16.4,61,43.646603,-79.38272
2025-05-22T16:39:17+00:00,2025-05-22T16:30,8.9,16.9,55,43.646603,-79.38272
2025-05-22T17:31:36+00:00,2025-05-22T17:30,10.0,15.5,53,43.646603,-79.38272
2025-05-22T18:41:56+00:00,2025-05-22T18:30,10.4,15.5,51,43.646603,-79.38272
2025-05-22T19:25:16+00:00,2025-05-22T19:15,10.4,13.2,53,43.646603,-79.38272
2025-05-22T20:32:49+00:00,2025-05-22T20:30,10.6,13.3,51,43.646603,-79.38272
2025-05-22T21:28:30+00:00,2025-05-22T21:15,9.9,17.0,45,43.646603,-79.38272
2025-05-22T22:33:39+00:00,2025-05-22T22:30,9.6,14.5,61,43.646603,-79.38272
2025-05-22T23:29:02+00:00,2025-05-22T23:15,9.9,13.3,51,43.646603,-79.38272
2025-05-23T02:15:43+00:00,2025-05-23T02:15,9.1,10.5,55,43.646603,-79.38272
2025-05-23T03:49:15+00:00,2025-05-23T03:45,8.8,10.5,45,43.646603,-79.38272
2025-05-23T04:35:43+00:00,2025-05-23T04:30,9.1,12.4,3,43.646603,-79.38272
2025-05-23T05:33:15+00:00,2025-05-23T05:30,9.4,8.9,3,43.646603,-79.38272
2025-05-23T06:42:21+00:00,2025-05-23T06:30,9.2,10.7,3,43.646603,-79.38272
2025-05-23T07:29:12+00:00,2025-05-23T07:15,9.1,15.1,51,43.646603,-79.38272
2025-05-23T08:38:56+00:00,2025-05-23T08:30,8.6,16.0,3,43.646603,-79.38272
2025-05-23T09:32:40+00:00,2025-05-23T09:30,8.5,16.4,51,43.646603,-79.38272
2025-05-23T10:36:31+00:00,2025-05-23T10:30,8.6,12.9,3,43.646603,-79.38272
2025-05-23T11:26:10+00:00,2025-05-23T11:15,8.7,12.1,3,43.646603,-79.38272
2025-05-23T12:57:06+00:00,2025-05-23T12:45,9.6,10.9,3,43.646603,-79.38272
2025-05-23T13:39:41+00:00,2025-05-23T13:30,9.9,14.2,3,43.646603,-79.38272
2025-05-23T14:34:04+00:00,2025-05-23T14:30,10.4,14.8,3,43.646603,-79.38272
2025-05-23T15:31:58+00:00,2025-05-23T15:30,10.0,15.5,3,43.646603,-79.38272
2025-05-23T16:37:34+00:00,2025-05-23T16:30,11.5,22.3,3,43.646603,-79.38272
2025-05-23T17:31:06+00:00,2025-05-23T17:30,9.6,16.3,3,43.646603,-79.38272
2025-05-23T18:41:03+00:00,2025-05-23T18:30,10.3,15.6,3,43.646603,-79.38272
2025-05-23T19:24:52+00:00,2025-05-23T19:15,10.8,17.6,3,43.646603,-79.38272
2025-05-23T20:32:03+00:00,2025-05-23T20:30,10.1,16.6,3,43.646603,-79.38272
2025-05-23T21:26:51+00:00,2025-05-23T21:15,9.6,14.9,51,43.646603,-79.38272
2025-05-23T22:32:43+00:00,2025-05-23T22:30,10.1,14.0,3,43.646603,-79.38272
2025-05-23T23:29:38+00:00,2025-05-23T23:15,10.1,13.0,3,43.646603,-79.38272
2025-05-24T02:05:53+00:00,2025-05-24T02:00,9.6,9.7,3,43.646603,-79.38272
2025-05-24T03:13:45+00:00,2025-05-24T03:00,9.2,10.6,3,43.646603,-79.38272
2025-05-24T03:45:37+00:00,2025-05-24T03:45,8.3,9.0,3,43.646603,-79.38272
2025-05-24T04:34:53+00:00,2025-05-24T04:30,8.2,10.0,3,43.646603,-79.38272
2025-05-24T05:31:42+00:00,2025-05-24T05:30,8.4,9.0,3,43.646603,-79.38272
2025-05-24T06:37:52+00:00,2025-05-24T06:30,8.8,12.1,3,43.646603,-79.38272
2025-05-24T07:27:27+00:00,2025-05-24T07:15,8.8,12.3,3,43.646603,-79.38272
2025-05-24T08:33:41+00:00,2025-05-24T08:30,7.7,11.2,3,43.646603,-79.38272
2025-05-24T09:28:25+00:00,2025-05-24T09:15,8.2,11.3,1,43.646603,-79.38272
2025-05-24T10:33:30+00:00,2025-05-24T10:30,7.8,8.5,1,43.646603,-79.38272
2025-05-24T11:24:48+00:00,2025-05-24T11:15,9.1,11.6,2,43.646603,-79.38272
2025-05-24T12:52:48+00:00,2025-05-24T12:45,10.1,14.3,3,43.646603,-79.38272
2025-05-24T13:34:40+00:00,2025-05-24T13:30,9.9,11.2,3,43.646603,-79.38272
2025-05-24T14:30:12+00:00,2025-05-24T14:30,12.1,17.6,1,43.646603,-79.38272
2025-05-24T15:28:51+00:00,2025-05-24T15:15,12.3,16.5,3,43.646603,-79.38272
2025-05-24T16:34:59+00:00,2025-05-24T16:30,12.3,13.3,3,43.646603,-79.38272
2025-05-24T17:29:28+00:00,2025-05-24T17:15,13.2,16.2,3,43.646603,-79.38272
2025-05-24T18:36:50+00:00,2025-05-24T18:30,12.3,17.9,3,43.646603,-79.38272
2025-05-24T19:23:37+00:00,2025-05-24T19:15,13.6,19.7,3,43.646603,-79.38272
2025-05-24T20:30:14+00:00,2025-05-24T20:30,14.1,22.2,3,43.646603,-79.38272
2025-05-24T21:27:08+00:00,2025-05-24T21:15,14.7,21.3,1,43.646603,-79.38272
2025-05-24T22:31:42+00:00,2025-05-24T22:30,14.0,17.6,0,43.646603,-79.38272
2025-05-24T23:27:58+00:00,2025-05-24T23:15,13.3,13.2,0,43.646603,-79.38272
2025-05-25T02:25:22+00:00,2025-05-25T02:15,9.1,7.2,0,43.646603,-79.38272
2025-05-25T03:44:48+00:00,2025-05-25T03:30,8.4,8.6,0,43.646603,-79.38272
2025-05-25T03:54:48+00:00,2025-05-25T03:45,8.4,9.3,0,43.646603,-79.38272
2025-05-25T04:38:55+00:00,2025-05-25T04:30,8.1,8.7,0,43.646603,-79.38272
2025-05-25T05:31:22+00:00,2025-05-25T05:30,7.7,12.1,0,43.646603,-79.38272
2025-05-25T06:39:10+00:00,2025-05-25T06:30,7.4,12.9,0,43.646603,-79.38272
2025-05-25T07:27:31+00:00,2025-05-25T07:15,7.4,12.8,0,43.646603,-79.38272
2025-05-25T08:34:30+00:00,2025-05-25T08:30,6.9,12.3,0,43.646603,-79.38272
2025-05-25T09:28:26+00:00,2025-05-25T09:15,6.8,12.2,0,43.646603,-79.38272
2025-05-25T10:32:52+00:00,2025-05-25T10:30,7.2,10.6,0,43.646603,-79.38272
2025-05-25T11:24:35+00:00,2025-05-25T11:15,9.1,9.2,0,43.646603,-79.38272
2025-05-25T12:53:08+00:00,2025-05-25T12:45,12.4,8.9,0,43.646603,-79.38272
2025-05-25T13:33:59+00:00,2025-05-25T13:30,13.2,10.5,0,43.646603,-79.38272
2025-05-25T14:31:08+00:00,2025-05-25T14:30,14.4,7.5,2,43.646603,-79.38272
2025-05-25T15:28:56+00:00,2025-05-25T15:15,15.4,10.5,1,43.646603,-79.38272
2025-05-25T16:35:44+00:00,2025-05-25T16:30,15.7,8.9,1,43.646603,-79.38272
2025-05-25T17:29:14+00:00,2025-05-25T17:15,16.9,13.5,2,43.646603,-79.38272
2025-05-25T18:36:49+00:00,2025-05-25T18:30,14.2,15.0,3,43.646603,-79.38272
2025-05-25T19:23:54+00:00,2025-05-25T19:15,13.8,5.9,3,43.646603,-79.38272
2025-05-25T20:30:13+00:00,2025-05-25T20:30,15.8,12.9,3,43.646603,-79.38272
2025-05-25T21:27:35+00:00,2025-05-25T21:15,15.2,10.7,3,43.646603,-79.38272
2025-05-25T22:32:38+00:00,2025-05-25T22:30,14.1,9.1,3,43.646603,-79.38272
2025-05-25T23:28:43+00:00,2025-05-25T23:15,13.6,5.9,3,43.646603,-79.38272
2025-05-26T02:19:45+00:00,2025-05-26T02:15,9.8,9.0,0,43.646603,-79.38272
2025-05-26T03:53:28+00:00,2025-05-26T03:45,9.6,8.9,0,43.646603,-79.38272
2025-05-26T04:40:13+00:00,2025-05-26T04:30,9.2,10.4,0,43.646603,-79.38272
2025-05-26T05:34:04+00:00,2025-05-26T05:30,8.9,10.5,0,43.646603,-79.38272
2025-05-26T06:44:43+00:00,2025-05-26T06:30,8.6,11.5,0,43.646603,-79.38272
2025-05-26T07:44:02+00:00,2025-05-26T07:30,7.8,3.6,0,43.646603,-79.38272
2025-05-26T09:02:25+00:00,2025-05-26T09:00,7.8,5.9,0,43.646603,-79.38272
2025-05-26T09:54:30+00:00,2025-05-26T09:45,7.4,1.8,0,43.646603,-79.38272
2025-05-26T10:39:43+00:00,2025-05-26T10:30,7.6,4.7,0,43.646603,-79.38272
2025-05-26T11:25:28+00:00,2025-05-26T11:15,8.7,5.0,0,43.646603,-79.38272
2025-05-26T12:56:26+00:00,2025-05-26T12:45,11.9,2.9,0,43.646603,-79.38272
2025-05-26T13:40:36+00:00,2025-05-26T13:30,13.6,1.1,0,43.646603,-79.38272
2025-05-26T14:34:09+00:00,2025-05-26T14:30,14.6,4.1,0,43.646603,-79.38272
2025-05-26T15:32:15+00:00,2025-05-26T15:30,15.0,9.4,0,43.646603,-79.38272
2025-05-26T16:36:43+00:00,2025-05-26T16:30,16.1,12.9,0,43.646603,-79.38272
2025-05-26T17:31:12+00:00,2025-05-26T17:30,16.9,9.9,0,43.646603,-79.38272
2025-05-26T18:39:15+00:00,2025-05-26T18:30,18.5,9.3,0,43.646603,-79.38272
2025-05-26T19:24:34+00:00,2025-05-26T19:15,18.5,10.5,0,43.646603,-79.38272
2025-05-26T20:31:28+00:00,2025-05-26T20:30,18.7,9.4,0,43.646603,-79.38272
2025-05-26T21:28:15+00:00,2025-05-26T21:15,19.2,8.3,0,43.646603,-79.38272
2025-05-26T22:32:42+00:00,2025-05-26T22:30,18.2,8.6,0,43.646603,-79.38272
2025-05-26T23:28:33+00:00,2025-05-26T23:15,17.2,6.0,0,43.646603,-79.38272
2025-05-27T02:15:35+00:00,2025-05-27T02:15,14.9,9.0,0,43.646603,-79.38272
2025-05-27T03:51:08+00:00,2025-05-27T03:45,12.1,7.9,0,43.646603,-79.38272
2025-05-27T04:39:01+00:00,2025-05-27T04:30,11.5,9.0,0,43.646603,-79.38272
2025-05-27T05:33:12+00:00,2025-05-27T05:30,10.8,4.2,0,43.646603,-79.38272
2025-05-27T06:42:52+00:00,2025-05-27T06:30,10.4,7.1,0,43.646603,-79.38272
2025-05-27T07:29:59+00:00,2025-05-27T07:15,10.3,8.6,0,43.646603,-79.38272
2025-05-27T08:38:51+00:00,2025-05-27T08:30,9.2,4.6,1,43.646603,-79.38272
2025-05-27T09:32:12+00:00,2025-05-27T09:30,9.2,3.8,3,43.646603,-79.38272
2025-05-27T10:37:49+00:00,2025-05-27T10:30,9.2,7.2,3,43.646603,-79.38272
2025-05-27T11:27:21+00:00,2025-05-27T11:15,10.8,3.6,3,43.646603,-79.38272
2025-05-27T12:59:34+00:00,2025-05-27T12:45,14.2,5.4,0,43.646603,-79.38272
2025-05-27T13:43:15+00:00,2025-05-27T13:30,14.3,7.1,3,43.646603,-79.38272
2025-05-27T14:35:03+00:00,2025-05-27T14:30,15.1,6.4,3,43.646603,-79.38272
2025-05-27T15:33:15+00:00,2025-05-27T15:30,16.9,6.7,3,43.646603,-79.38272
2025-05-27T16:40:26+00:00,2025-05-27T16:30,18.3,5.4,3,43.646603,-79.38272
2025-05-27T17:30:36+00:00,2025-05-27T17:30,19.8,9.1,3,43.646603,-79.38272
2025-05-27T18:42:26+00:00,2025-05-27T18:30,19.6,8.0,3,43.646603,-79.38272
2025-05-27T19:24:56+00:00,2025-05-27T19:15,20.5,8.7,3,43.646603,-79.38272
2025-05-27T20:32:43+00:00,2025-05-27T20:30,21.1,10.4,3,43.646603,-79.38272
2025-05-27T21:30:04+00:00,2025-05-27T21:30,21.3,10.6,3,43.646603,-79.38272
2025-05-27T22:33:10+00:00,2025-05-27T22:30,18.0,6.1,3,43.646603,-79.38272
2025-05-27T23:28:31+00:00,2025-05-27T23:15,17.8,7.2,3,43.646603,-79.38272
2025-05-28T02:17:24+00:00,2025-05-28T02:15,13.1,9.2,3,43.646603,-79.38272
2025-05-28T03:50:59+00:00,2025-05-28T03:45,11.2,10.4,0,43.646603,-79.38272
2025-05-28T04:37:44+00:00,2025-05-28T04:30,10.8,9.9,0,43.646603,-79.38272
2025-05-28T05:33:23+00:00,2025-05-28T05:30,10.6,11.9,0,43.646603,-79.38272
2025-05-28T06:43:30+00:00,2025-05-28T06:30,10.4,10.9,0,43.646603,-79.38272
2025-05-28T07:29:40+00:00,2025-05-28T07:15,9.6,9.1,0,43.646603,-79.38272
2025-05-28T08:40:10+00:00,2025-05-28T08:30,9.5,9.4,0,43.646603,-79.38272
2025-05-28T09:33:09+00:00,2025-05-28T09:30,9.3,9.2,3,43.646603,-79.38272
2025-05-28T10:37:24+00:00,2025-05-28T10:30,9.8,12.0,3,43.646603,-79.38272
2025-05-28T11:27:17+00:00,2025-05-28T11:15,11.4,12.3,0,43.646603,-79.38272
2025-05-28T12:59:35+00:00,2025-05-28T12:45,12.3,14.4,2,43.646603,-79.38272
2025-05-28T13:43:25+00:00,2025-05-28T13:30,13.6,15.2,3,43.646603,-79.38272
2025-05-28T14:36:53+00:00,2025-05-28T14:30,15.1,16.2,3,43.646603,-79.38272
2025-05-28T15:32:54+00:00,2025-05-28T15:30,15.9,15.1,3,43.646603,-79.38272
2025-05-28T16:38:40+00:00,2025-05-28T16:30,17.0,15.1,3,43.646603,-79.38272
2025-05-28T17:31:33+00:00,2025-05-28T17:30,14.1,16.1,3,43.646603,-79.38272
2025-05-28T18:40:49+00:00,2025-05-28T18:30,14.6,13.1,3,43.646603,-79.38272
2025-05-28T19:25:50+00:00,2025-05-28T19:15,12.9,11.6,3,43.646603,-79.38272
2025-05-28T20:32:51+00:00,2025-05-28T20:30,12.8,15.2,3,43.646603,-79.38272
2025-05-28T21:28:42+00:00,2025-05-28T21:15,12.8,15.0,51,43.646603,-79.38272
2025-05-28T22:33:02+00:00,2025-05-28T22:30,12.7,15.8,51,43.646603,-79.38272
2025-05-28T23:29:00+00:00,2025-05-28T23:15,12.8,15.5,3,43.646603,-79.38272
2025-05-29T02:17:04+00:00,2025-05-29T02:15,11.9,16.3,3,43.646603,-79.38272
2025-05-29T03:52:05+00:00,2025-05-29T03:45,12.4,14.5,3,43.646603,-79.38272
2025-05-29T04:39:21+00:00,2025-05-29T04:30,12.2,15.2,63,43.646603,-79.38272
2025-05-29T05:33:56+00:00,2025-05-29T05:30,12.3,10.7,55,43.646603,-79.38272
2025-05-29T06:43:45+00:00,2025-05-29T06:30,12.4,8.6,51,43.646603,-79.38272
2025-05-29T07:29:35+00:00,2025-05-29T07:15,12.1,6.1,3,43.646603,-79.38272
2025-05-29T08:39:18+00:00,2025-05-29T08:30,12.1,4.9,3,43.646603,-79.38272
2025-05-29T09:32:40+00:00,2025-05-29T09:30,12.1,3.7,3,43.646603,-79.38272
2025-05-29T10:38:16+00:00,2025-05-29T10:30,11.9,2.9,3,43.646603,-79.38272
2025-05-29T11:27:10+00:00,2025-05-29T11:15,12.2,7.9,3,43.646603,-79.38272
2025-05-29T12:57:56+00:00,2025-05-29T12:45,14.1,13.9,3,43.646603,-79.38272
2025-05-29T13:41:05+00:00,2025-05-29T13:30,14.8,11.3,1,43.646603,-79.38272
2025-05-29T14:33:56+00:00,2025-05-29T14:30,14.8,14.0,2,43.646603,-79.38272
2025-05-29T15:32:35+00:00,2025-05-29T15:30,14.9,14.5,3,43.646603,-79.38272
2025-05-29T16:40:14+00:00,2025-05-29T16:30,16.1,13.8,3,43.646603,-79.38272
2025-05-29T17:31:54+00:00,2025-05-29T17:30,16.6,13.5,3,43.646603,-79.38272
2025-05-29T18:42:38+00:00,2025-05-29T18:30,16.5,13.5,3,43.646603,-79.38272
2025-05-29T19:24:24+00:00,2025-05-29T19:15,18.0,12.1,3,43.646603,-79.38272
2025-05-29T20:32:38+00:00,2025-05-29T20:30,15.4,7.4,3,43.646603,-79.38272
2025-05-29T21:28:48+00:00,2025-05-29T21:15,17.1,4.8,3,43.646603,-79.38272
2025-05-29T22:32:53+00:00,2025-05-29T22:30,15.2,14.8,3,43.646603,-79.38272
2025-05-29T23:28:34+00:00,2025-05-29T23:15,15.9,12.3,3,43.646603,-79.38272
2025-05-30T02:15:13+00:00,2025-05-30T02:15,13.6,7.9,0,43.646603,-79.38272
2025-05-30T03:26:40+00:00,2025-05-30T03:15,13.4,9.5,3,43.646603,-79.38272
2025-05-30T04:37:43+00:00,2025-05-30T04:30,12.4,7.3,0,43.646603,-79.38272
2025-05-30T05:33:13+00:00,2025-05-30T05:30,12.9,11.3,2,43.646603,-79.38272
2025-05-30T06:42:34+00:00,2025-05-30T06:30,12.3,8.2,0,43.646603,-79.38272
2025-05-30T07:28:55+00:00,2025-05-30T07:15,11.9,7.2,0,43.646603,-79.38272
2025-05-30T08:38:02+00:00,2025-05-30T08:30,11.9,8.0,0,43.646603,-79.38272
2025-05-30T09:31:47+00:00,2025-05-30T09:30,11.6,9.9,0,43.646603,-79.38272
2025-05-30T10:35:32+00:00,2025-05-30T10:30,12.0,7.2,0,43.646603,-79.38272
2025-05-30T11:26:08+00:00,2025-05-30T11:15,13.6,8.0,0,43.646603,-79.38272
2025-05-30T12:58:24+00:00,2025-05-30T12:45,16.5,9.9,0,43.646603,-79.38272
2025-05-30T13:40:35+00:00,2025-05-30T13:30,17.7,11.3,3,43.646603,-79.38272
2025-05-30T14:34:18+00:00,2025-05-30T14:30,18.3,11.1,3,43.646603,-79.38272
2025-05-30T15:32:06+00:00,2025-05-30T15:30,18.5,14.7,3,43.646603,-79.38272
2025-05-30T16:38:51+00:00,2025-05-30T16:30,20.3,14.2,3,43.646603,-79.38272
2025-05-30T17:30:46+00:00,2025-05-30T17:30,24.0,10.1,1,43.646603,-79.38272
2025-05-30T18:41:54+00:00,2025-05-30T18:30,25.7,12.3,2,43.646603,-79.38272
2025-05-30T19:24:43+00:00,2025-05-30T19:15,24.8,11.8,2,43.646603,-79.38272
2025-05-30T20:32:08+00:00,2025-05-30T20:30,22.9,9.4,3,43.646603,-79.38272
2025-05-30T21:28:08+00:00,2025-05-30T21:15,24.2,18.7,3,43.646603,-79.38272
2025-05-30T22:33:10+00:00,2025-05-30T22:30,23.2,23.6,3,43.646603,-79.38272
2025-05-30T23:29:23+00:00,2025-05-30T23:15,22.3,22.1,3,43.646603,-79.38272
2025-05-31T02:14:10+00:00,2025-05-31T02:00,17.1,11.4,3,43.646603,-79.38272
2025-05-31T03:17:34+00:00,2025-05-31T03:15,15.9,14.8,3,43.646603,-79.38272
2025-05-31T04:35:14+00:00,2025-05-31T04:30,14.8,15.5,3,43.646603,-79.38272
2025-05-31T05:31:52+00:00,2025-05-31T05:30,13.2,13.5,2,43.646603,-79.38272
2025-05-31T06:39:00+00:00,2025-05-31T06:30,12.1,10.7,0,43.646603,-79.38272
2025-05-31T07:27:16+00:00,2025-05-31T07:15,11.6,12.7,0,43.646603,-79.38272
2025-05-31T08:34:52+00:00,2025-05-31T08:30,12.0,15.8,3,43.646603,-79.38272
2025-05-31T09:29:14+00:00,2025-05-31T09:15,11.4,19.2,3,43.646603,-79.38272
2025-05-31T10:33:47+00:00,2025-05-31T10:30,9.9,21.9,3,43.646603,-79.38272
2025-05-31T11:24:51+00:00,2025-05-31T11:15,10.2,21.7,1,43.646603,-79.38272
2025-05-31T12:53:33+00:00,2025-05-31T12:45,10.4,22.5,3,43.646603,-79.38272
2025-05-31T13:36:36+00:00,2025-05-31T13:30,10.4,22.9,3,43.646603,-79.38272
2025-05-31T14:30:44+00:00,2025-05-31T14:30,10.4,24.0,3,43.646603,-79.38272
2025-05-31T15:29:11+00:00,2025-05-31T15:15,11.1,24.3,3,43.646603,-79.38272
2025-05-31T16:36:16+00:00,2025-05-31T16:30,11.1,25.8,3,43.646603,-79.38272
2025-05-31T17:29:15+00:00,2025-05-31T17:15,11.6,24.8,3,43.646603,-79.38272
2025-05-31T18:37:48+00:00,2025-05-31T18:30,12.4,26.3,3,43.646603,-79.38272
2025-05-31T19:23:26+00:00,2025-05-31T19:15,12.9,27.1,3,43.646603,-79.38272
2025-05-31T20:30:13+00:00,2025-05-31T20:30,12.9,26.4,3,43.646603,-79.38272
2025-05-31T21:27:24+00:00,2025-05-31T21:15,12.8,25.9,2,43.646603,-79.38272
2025-05-31T22:31:58+00:00,2025-05-31T22:30,13.1,25.9,3,43.646603,-79.38272
2025-05-31T23:28:57+00:00,2025-05-31T23:15,13.1,22.7,0,43.646603,-79.38272
2025-06-01T02:37:12+00:00,2025-06-01T02:30,9.0,8.4,0,43.646603,-79.38272
2025-06-01T04:05:48+00:00,2025-06-01T04:00,8.1,10.8,0,43.646603,-79.38272
2025-06-01T04:47:55+00:00,2025-06-01T04:45,7.8,11.6,0,43.646603,-79.38272
2025-06-01T05:33:19+00:00,2025-06-01T05:30,7.2,11.4,0,43.646603,-79.38272
2025-06-01T06:42:01+00:00,2025-06-01T06:30,6.9,10.6,0,43.646603,-79.38272
2025-06-01T07:28:28+00:00,2025-06-01T07:15,6.6,11.3,0,43.646603,-79.38272
2025-06-01T08:36:09+00:00,2025-06-01T08:30,6.4,11.6,0,43.646603,-79.38272
2025-06-01T09:29:46+00:00,2025-06-01T09:15,6.2,11.5,0,43.646603,-79.38272
2025-06-01T10:34:54+00:00,2025-06-01T10:30,6.5,12.4,0,43.646603,-79.38272
2025-06-01T11:25:42+00:00,2025-06-01T11:15,8.2,14.1,0,43.646603,-79.38272
2025-06-01T12:54:39+00:00,2025-06-01T12:45,11.7,19.4,0,43.646603,-79.38272
2025-06-01T13:35:56+00:00,2025-06-01T13:30,12.7,20.0,0,43.646603,-79.38272
2025-06-01T14:31:04+00:00,2025-06-01T14:30,14.2,22.1,1,43.646603,-79.38272
2025-06-01T15:29:43+00:00,2025-06-01T15:15,15.1,21.8,1,43.646603,-79.38272
2025-06-01T16:35:53+00:00,2025-06-01T16:30,15.7,20.9,2,43.646603,-79.38272
2025-06-01T17:29:45+00:00,2025-06-01T17:15,17.0,22.9,1,43.646603,-79.38272
2025-06-01T18:38:19+00:00,2025-06-01T18:30,15.9,24.3,1,43.646603,-79.38272
2025-06-01T19:24:22+00:00,2025-06-01T19:15,16.8,23.6,2,43.646603,-79.38272
2025-06-01T20:31:17+00:00,2025-06-01T20:30,17.1,23.7,1,43.646603,-79.38272
2025-06-01T21:27:54+00:00,2025-06-01T21:15,16.6,22.9,0,43.646603,-79.38272
2025-06-01T22:32:36+00:00,2025-06-01T22:30,15.7,19.3,0,43.646603,-79.38272
2025-06-01T23:28:55+00:00,2025-06-01T23:15,15.4,16.3,0,43.646603,-79.38272
2025-06-02T02:22:59+00:00,2025-06-02T02:15,10.8,9.3,0,43.646603,-79.38272
2025-06-02T03:58:50+00:00,2025-06-02T03:45,9.6,9.8,0,43.646603,-79.38272
2025-06-02T04:43:21+00:00,2025-06-02T04:30,9.0,9.4,0,43.646603,-79.38272
2025-06-02T05:34:43+00:00,2025-06-02T05:30,8.1,9.9,0,43.646603,-79.38272
2025-06-02T06:45:21+00:00,2025-06-02T06:45,7.2,9.5,0,43.646603,-79.38272
2025-06-02T07:30:51+00:00,2025-06-02T07:30,7.0,9.7,0,43.646603,-79.38272
2025-06-02T08:41:37+00:00,2025-06-02T08:30,6.9,10.2,0,43.646603,-79.38272
2025-06-02T09:33:28+00:00,2025-06-02T09:30,6.8,12.5,0,43.646603,-79.38272
2025-06-02T10:37:52+00:00,2025-06-02T10:30,6.7,11.9,0,43.646603,-79.38272
2025-06-02T11:27:57+00:00,2025-06-02T11:15,7.9,10.6,0,43.646603,-79.38272
2025-06-02T12:59:42+00:00,2025-06-02T12:45,11.4,9.2,0,43.646603,-79.38272
2025-06-02T13:43:14+00:00,2025-06-02T13:30,12.9,11.8,0,43.646603,-79.38272
2025-06-02T14:35:46+00:00,2025-06-02T14:30,14.6,13.2,0,43.646603,-79.38272
2025-06-02T15:33:47+00:00,2025-06-02T15:30,17.3,12.4,0,43.646603,-79.38272
2025-06-02T16:42:14+00:00,2025-06-02T16:30,19.0,16.9,0,43.646603,-79.38272
2025-06-02T17:32:31+00:00,2025-06-02T17:30,19.5,19.7,1,43.646603,-79.38272
2025-06-02T18:42:32+00:00,2025-06-02T18:30,20.0,23.2,0,43.646603,-79.38272
2025-06-02T19:25:43+00:00,2025-06-02T19:15,20.5,21.7,0,43.646603,-79.38272
2025-06-02T20:32:45+00:00,2025-06-02T20:30,20.6,20.0,0,43.646603,-79.38272
2025-06-02T21:32:08+00:00,2025-06-02T21:30,20.0,18.1,0,43.646603,-79.38272
2025-06-02T22:33:35+00:00,2025-06-02T22:30,19.4,13.5,0,43.646603,-79.38272
2025-06-02T23:31:07+00:00,2025-06-02T23:30,16.8,10.6,0,43.646603,-79.38272
2025-06-03T02:19:04+00:00,2025-06-03T02:15,15.6,9.1,0,43.646603,-79.38272
2025-06-03T03:53:58+00:00,2025-06-03T03:45,13.4,8.4,0,43.646603,-79.38272
2025-06-03T04:41:23+00:00,2025-06-03T04:30,13.4,9.3,0,43.646603,-79.38272
2025-06-03T05:34:07+00:00,2025-06-03T05:30,12.6,3.3,0,43.646603,-79.38272
2025-06-03T06:45:23+00:00,2025-06-03T06:45,11.1,7.9,0,43.646603,-79.38272
2025-06-03T07:31:24+00:00,2025-06-03T07:30,10.6,6.1,0,43.646603,-79.38272
2025-06-03T08:42:15+00:00,2025-06-03T08:30,9.9,5.8,0,43.646603,-79.38272
2025-06-03T09:33:39+00:00,2025-06-03T09:30,9.8,4.9,0,43.646603,-79.38272
2025-06-03T10:38:04+00:00,2025-06-03T10:30,10.1,5.8,0,43.646603,-79.38272
2025-06-03T11:27:54+00:00,2025-06-03T11:15,11.2,3.4,0,43.646603,-79.38272
2025-06-03T13:44:37+00:00,2025-06-03T13:30,15.3,6.3,0,43.646603,-79.38272
2025-06-03T14:36:25+00:00,2025-06-03T14:30,14.2,6.2,45,43.646603,-79.38272
2025-06-03T15:34:35+00:00,2025-06-03T15:30,17.4,12.1,3,43.646603,-79.38272
2025-06-03T16:42:37+00:00,2025-06-03T16:30,20.8,9.9,0,43.646603,-79.38272
2025-06-03T17:32:58+00:00,2025-06-03T17:30,22.1,9.3,0,43.646603,-79.38272
2025-06-03T18:43:31+00:00,2025-06-03T18:30,22.5,10.2,0,43.646603,-79.38272
2025-06-03T19:25:31+00:00,2025-06-03T19:15,23.0,18.1,0,43.646603,-79.38272
2025-06-03T20:33:49+00:00,2025-06-03T20:30,23.6,19.5,0,43.646603,-79.38272
2025-06-03T21:28:35+00:00,2025-06-03T21:15,22.3,11.4,0,43.646603,-79.38272
2025-06-03T22:34:13+00:00,2025-06-03T22:30,21.8,12.6,0,43.646603,-79.38272
2025-06-03T23:29:28+00:00,2025-06-03T23:15,21.5,14.1,0,43.646603,-79.38272
2025-06-04T02:19:04+00:00,2025-06-04T02:15,14.1,4.0,0,43.646603,-79.38272
2025-06-04T03:54:11+00:00,2025-06-04T03:45,13.8,2.3,0,43.646603,-79.38272
2025-06-04T04:41:22+00:00,2025-06-04T04:30,14.2,6.5,0,43.646603,-79.38272
2025-06-04T05:34:01+00:00,2025-06-04T05:30,12.6,7.3,0,43.646603,-79.38272
2025-06-04T06:43:59+00:00,2025-06-04T06:30,12.3,6.9,0,43.646603,-79.38272
2025-06-04T07:30:25+00:00,2025-06-04T07:30,13.1,6.4,0,43.646603,-79.38272
2025-06-04T08:41:23+00:00,2025-06-04T08:30,12.4,7.6,0,43.646603,-79.38272
2025-06-04T09:33:29+00:00,2025-06-04T09:30,13.1,1.5,0,43.646603,-79.38272
2025-06-04T10:37:52+00:00,2025-06-04T10:30,13.1,6.1,0,43.646603,-79.38272
2025-06-04T11:28:14+00:00,2025-06-04T11:15,14.6,1.5,0,43.646603,-79.38272
2025-06-04T13:00:47+00:00,2025-06-04T13:00,19.0,12.6,3,43.646603,-79.38272
2025-06-04T13:45:50+00:00,2025-06-04T13:45,20.0,12.1,0,43.646603,-79.38272
2025-06-04T14:48:41+00:00,2025-06-04T14:45,21.4,12.1,3,43.646603,-79.38272
2025-06-04T15:50:48+00:00,2025-06-04T15:45,22.8,13.3,0,43.646603,-79.38272
2025-06-04T16:35:44+00:00,2025-06-04T16:30,24.8,19.5,0,43.646603,-79.38272
2025-06-04T17:32:47+00:00,2025-06-04T17:30,26.3,24.5,0,43.646603,-79.38272
2025-06-04T18:42:52+00:00,2025-06-04T18:30,26.7,25.7,0,43.646603,-79.38272
2025-06-04T19:24:51+00:00,2025-06-04T19:15,26.8,25.2,0,43.646603,-79.38272
2025-06-04T20:27:16+00:00,2025-06-04T20:15,26.7,27.0,0,43.646603,-79.38272
2025-06-04T21:24:53+00:00,2025-06-04T21:15,26.5,28.2,0,43.646603,-79.38272
2025-06-04T22:30:09+00:00,2025-06-04T22:30,26.1,22.9,0,43.646603,-79.38272
2025-06-04T23:29:38+00:00,2025-06-04T23:15,25.3,18.6,0,43.646603,-79.38272
2025-06-05T02:17:48+00:00,2025-06-05T02:15,20.5,1.8,0,43.646603,-79.38272
2025-06-05T03:55:16+00:00,2025-06-05T03:45,19.8,6.2,1,43.646603,-79.38272
2025-06-05T04:42:09+00:00,2025-06-05T04:30,19.7,7.7,3,43.646603,-79.38272
2025-06-05T05:34:37+00:00,2025-06-05T05:30,19.2,2.3,51,43.646603,-79.38272
2025-06-05T06:45:03+00:00,2025-06-05T06:45,18.6,5.8,3,43.646603,-79.38272
2025-06-05T07:30:13+00:00,2025-06-05T07:30,18.0,5.8,3,43.646603,-79.38272
2025-06-05T08:39:49+00:00,2025-06-05T08:30,17.5,3.1,3,43.646603,-79.38272
2025-06-05T09:32:50+00:00,2025-06-05T09:30,17.0,6.0,3,43.646603,-79.38272
2025-06-05T10:39:07+00:00,2025-06-05T10:30,16.9,4.7,3,43.646603,-79.38272
2025-06-05T11:27:59+00:00,2025-06-05T11:15,16.9,4.0,3,43.646603,-79.38272
2025-06-05T12:59:28+00:00,2025-06-05T12:45,17.7,5.4,3,43.646603,-79.38272
2025-06-05T13:44:06+00:00,2025-06-05T13:30,18.0,6.3,3,43.646603,-79.38272
2025-06-05T14:35:28+00:00,2025-06-05T14:30,19.1,7.2,3,43.646603,-79.38272
2025-06-05T15:33:28+00:00,2025-06-05T15:30,20.2,8.6,3,43.646603,-79.38272
2025-06-05T16:39:57+00:00,2025-06-05T16:30,20.1,5.4,3,43.646603,-79.38272
2025-06-05T17:27:16+00:00,2025-06-05T17:15,20.2,8.3,3,43.646603,-79.38272
2025-06-05T18:53:45+00:00,2025-06-05T18:45,21.0,3.8,3,43.646603,-79.38272
2025-06-05T19:22:39+00:00,2025-06-05T19:15,20.9,4.7,3,43.646603,-79.38272
2025-06-05T20:27:54+00:00,2025-06-05T20:15,19.8,3.3,3,43.646603,-79.38272
2025-06-05T21:29:23+00:00,2025-06-05T21:15,21.4,6.0,3,43.646603,-79.38272
2025-06-05T22:32:56+00:00,2025-06-05T22:30,20.0,2.8,3,43.646603,-79.38272
2025-06-05T23:31:06+00:00,2025-06-05T23:30,17.6,5.3,0,43.646603,-79.38272
2025-06-06T02:17:27+00:00,2025-06-06T02:15,16.6,5.6,0,43.646603,-79.38272
2025-06-06T03:53:49+00:00,2025-06-06T03:45,17.0,4.7,3,43.646603,-79.38272
2025-06-06T04:41:44+00:00,2025-06-06T04:30,17.0,5.4,3,43.646603,-79.38272
2025-06-06T05:35:26+00:00,2025-06-06T05:30,16.6,11.3,3,43.646603,-79.38272
2025-06-06T06:45:25+00:00,2025-06-06T06:45,15.4,11.2,2,43.646603,-79.38272
2025-06-06T07:29:30+00:00,2025-06-06T07:15,15.1,9.8,2,43.646603,-79.38272
2025-06-06T08:38:12+00:00,2025-06-06T08:30,14.8,10.5,2,43.646603,-79.38272
2025-06-06T09:32:37+00:00,2025-06-06T09:30,14.4,11.0,3,43.646603,-79.38272
2025-06-06T10:38:26+00:00,2025-06-06T10:30,14.9,12.7,3,43.646603,-79.38272
2025-06-06T11:27:42+00:00,2025-06-06T11:15,16.2,8.4,3,43.646603,-79.38272
2025-06-06T12:57:51+00:00,2025-06-06T12:45,18.2,5.6,3,43.646603,-79.38272
2025-06-06T13:42:34+00:00,2025-06-06T13:30,19.9,8.1,3,43.646603,-79.38272
2025-06-06T14:33:47+00:00,2025-06-06T14:30,19.6,7.9,3,43.646603,-79.38272
2025-06-06T15:30:51+00:00,2025-06-06T15:30,20.5,11.6,3,43.646603,-79.38272
2025-06-06T16:40:32+00:00,2025-06-06T16:30,21.5,13.7,1,43.646603,-79.38272
2025-06-06T17:32:26+00:00,2025-06-06T17:30,21.9,12.6,0,43.646603,-79.38272
2025-06-06T18:42:19+00:00,2025-06-06T18:30,22.9,14.2,3,43.646603,-79.38272
2025-06-06T19:25:45+00:00,2025-06-06T19:15,22.8,11.7,3,43.646603,-79.38272
2025-06-06T20:32:59+00:00,2025-06-06T20:30,21.6,10.1,0,43.646603,-79.38272
2025-06-06T21:29:15+00:00,2025-06-06T21:15,21.5,7.2,2,43.646603,-79.38272
2025-06-06T22:33:50+00:00,2025-06-06T22:30,21.6,7.1,0,43.646603,-79.38272
2025-06-06T23:29:16+00:00,2025-06-06T23:15,20.9,6.2,3,43.646603,-79.38272
2025-06-07T02:16:30+00:00,2025-06-07T02:15,18.1,4.5,0,43.646603,-79.38272
2025-06-07T03:50:57+00:00,2025-06-07T03:45,17.0,6.6,0,43.646603,-79.38272
2025-06-07T04:35:59+00:00,2025-06-07T04:30,16.0,13.4,0,43.646603,-79.38272
2025-06-07T05:31:58+00:00,2025-06-07T05:30,15.4,15.4,0,43.646603,-79.38272
2025-06-07T06:40:02+00:00,2025-06-07T06:30,14.9,15.5,3,43.646603,-79.38272
2025-06-07T07:27:20+00:00,2025-06-07T07:15,15.1,16.3,3,43.646603,-79.38272
2025-06-07T08:34:46+00:00,2025-06-07T08:30,14.3,10.5,3,43.646603,-79.38272
2025-06-07T09:29:18+00:00,2025-06-07T09:15,14.6,13.7,3,43.646603,-79.38272
2025-06-07T10:34:52+00:00,2025-06-07T10:30,15.0,13.0,3,43.646603,-79.38272
2025-06-07T11:25:15+00:00,2025-06-07T11:15,16.3,13.0,3,43.646603,-79.38272
2025-06-07T12:54:08+00:00,2025-06-07T12:45,20.1,11.2,0,43.646603,-79.38272
2025-06-07T13:35:15+00:00,2025-06-07T13:30,21.5,9.4,0,43.646603,-79.38272
2025-06-07T14:31:05+00:00,2025-06-07T14:30,24.4,12.9,0,43.646603,-79.38272
2025-06-07T15:30:02+00:00,2025-06-07T15:30,26.0,10.7,0,43.646603,-79.38272
2025-06-07T16:36:36+00:00,2025-06-07T16:30,23.2,12.3,0,43.646603,-79.38272
2025-06-07T17:29:39+00:00,2025-06-07T17:15,23.2,9.7,0,43.646603,-79.38272
